/*
Navicat MySQL Data Transfer

Source Server         : 本地数据库
Source Server Version : 50611
Source Host           : localhost:3306
Source Database       : db_library_manager_web

Target Server Type    : MYSQL
Target Server Version : 50611
File Encoding         : 65001

Date: 2018-11-13 22:29:37
*/

SET FOREIGN_KEY_CHECKS=0;

-- ----------------------------
-- Table structure for `book`
-- ----------------------------
DROP TABLE IF EXISTS `book`;
CREATE TABLE `book` (
  `id` int(11) NOT NULL AUTO_INCREMENT,
  `name` varchar(32) NOT NULL,
  `book_category` blob,
  `status` int(1) NOT NULL DEFAULT '1',
  `number` int(3) NOT NULL DEFAULT '1',
  `free_number` int(3) DEFAULT '1',
  `info` varchar(512) DEFAULT NULL,
  `update_time` datetime DEFAULT NULL,
  `create_time` datetime NOT NULL,
  PRIMARY KEY (`id`)
) ENGINE=InnoDB AUTO_INCREMENT=34 DEFAULT CHARSET=utf8;

-- ----------------------------
-- Records of book
-- ----------------------------
INSERT INTO `book` VALUES ('25', '计算机组成原理', 0xACED00057372002D636F6D2E697363686F6F6C6261722E70726F6772616D6D65722E656E746974792E426F6F6B43617465676F7279FF8FEB770BC86FEA0200014C00046E616D657400124C6A6176612F6C616E672F537472696E673B7872002B636F6D2E697363686F6F6C6261722E70726F6772616D6D65722E656E746974792E42617365456E7469747911AD74BC7547E5DB02000349000269644C000A63726561746554696D657400144C6A6176612F73716C2F54696D657374616D703B4C000A75706461746554696D6571007E0003787000000014737200126A6176612E73716C2E54696D657374616D702618D5C80153BF650200014900056E616E6F737872000E6A6176612E7574696C2E44617465686A81014B59741903000078707708000001670132935878000000007371007E00057708000001670133A8B0780000000074000CE8AEA1E7AE97E69CBAE7B1BB, '1', '8', '7', '计算机类图书。', '2018-11-13 22:22:15', '2018-11-11 20:52:14');
INSERT INTO `book` VALUES ('26', '概率论', 0xACED00057372002D636F6D2E697363686F6F6C6261722E70726F6772616D6D65722E656E746974792E426F6F6B43617465676F7279FF8FEB770BC86FEA0200014C00046E616D657400124C6A6176612F6C616E672F537472696E673B7872002B636F6D2E697363686F6F6C6261722E70726F6772616D6D65722E656E746974792E42617365456E7469747911AD74BC7547E5DB02000349000269644C000A63726561746554696D657400144C6A6176612F73716C2F54696D657374616D703B4C000A75706461746554696D6571007E0003787000000015737200126A6176612E73716C2E54696D657374616D702618D5C80153BF650200014900056E616E6F737872000E6A6176612E7574696C2E44617465686A81014B59741903000078707708000001670134067078000000007371007E0005770800000167013406707800000000740009E695B0E5ADA6E7B1BB, '1', '5', '4', '大学数学概率论教材。', '2018-11-11 21:15:38', '2018-11-11 20:52:24');
INSERT INTO `book` VALUES ('30', '大学英语', 0xACED00057372002D636F6D2E697363686F6F6C6261722E70726F6772616D6D65722E656E746974792E426F6F6B43617465676F7279FF8FEB770BC86FEA0200014C00046E616D657400124C6A6176612F6C616E672F537472696E673B7872002B636F6D2E697363686F6F6C6261722E70726F6772616D6D65722E656E746974792E42617365456E7469747911AD74BC7547E5DB02000349000269644C000A63726561746554696D657400144C6A6176612F73716C2F54696D657374616D703B4C000A75706461746554696D6571007E0003787000000016737200126A6176612E73716C2E54696D657374616D702618D5C80153BF650200014900056E616E6F737872000E6A6176612E7574696C2E44617465686A81014B597419030000787077080000016702F1528878000000007371007E000577080000016702F152887800000000740009E5A496E8AFADE7B1BB, '1', '3', '3', '大学英语教材。', '2018-11-11 21:24:13', '2018-11-11 21:24:13');
INSERT INTO `book` VALUES ('31', '红高粱', 0xACED00057372002D636F6D2E697363686F6F6C6261722E70726F6772616D6D65722E656E746974792E426F6F6B43617465676F7279FF8FEB770BC86FEA0200014C00046E616D657400124C6A6176612F6C616E672F537472696E673B7872002B636F6D2E697363686F6F6C6261722E70726F6772616D6D65722E656E746974792E42617365456E7469747911AD74BC7547E5DB02000349000269644C000A63726561746554696D657400144C6A6176612F73716C2F54696D657374616D703B4C000A75706461746554696D6571007E0003787000000004737200126A6176612E73716C2E54696D657374616D702618D5C80153BF650200014900056E616E6F737872000E6A6176612E7574696C2E44617465686A81014B5974190300007870770800000166F33B886878000000007371007E0005770800000166F87B9E587800000000740009E69687E5ADA6E7B1BB, '1', '7', '7', '著名作家莫言的作品。', '2018-11-13 22:22:39', '2018-11-11 21:24:53');
INSERT INTO `book` VALUES ('32', '盗墓笔记', 0xACED00057372002D636F6D2E697363686F6F6C6261722E70726F6772616D6D65722E656E746974792E426F6F6B43617465676F7279FF8FEB770BC86FEA0200014C00046E616D657400124C6A6176612F6C616E672F537472696E673B7872002B636F6D2E697363686F6F6C6261722E70726F6772616D6D65722E656E746974792E42617365456E7469747911AD74BC7547E5DB02000349000269644C000A63726561746554696D657400144C6A6176612F73716C2F54696D657374616D703B4C000A75706461746554696D6571007E000378700000000F737200126A6176612E73716C2E54696D657374616D702618D5C80153BF650200014900056E616E6F737872000E6A6176612E7574696C2E44617465686A81014B59741903000078707708000001670132453878000000007371007E000577080000016701336E187800000000740006E5B08FE8AFB4, '1', '5', '2', '著名网络作家南派三叔的作品。', '2018-11-11 21:44:09', '2018-11-11 21:25:21');
INSERT INTO `book` VALUES ('33', '大学物理', 0xACED00057372002D636F6D2E697363686F6F6C6261722E70726F6772616D6D65722E656E746974792E426F6F6B43617465676F7279FF8FEB770BC86FEA0200014C00046E616D657400124C6A6176612F6C616E672F537472696E673B7872002B636F6D2E697363686F6F6C6261722E70726F6772616D6D65722E656E746974792E42617365456E7469747911AD74BC7547E5DB02000349000269644C000A63726561746554696D657400144C6A6176612F73716C2F54696D657374616D703B4C000A75706461746554696D6571007E0003787000000012737200126A6176612E73716C2E54696D657374616D702618D5C80153BF650200014900056E616E6F737872000E6A6176612E7574696C2E44617465686A81014B59741903000078707708000001670132780078000000007371007E000577080000016701338D587800000000740009E79086E5B7A5E7B1BB, '1', '5', '4', '大学物理教材。', '2018-11-11 21:25:54', '2018-11-11 21:25:54');

-- ----------------------------
-- Table structure for `book_category`
-- ----------------------------
DROP TABLE IF EXISTS `book_category`;
CREATE TABLE `book_category` (
  `id` int(11) NOT NULL AUTO_INCREMENT,
  `name` varchar(32) NOT NULL,
  `update_time` datetime DEFAULT NULL,
  `create_time` datetime NOT NULL,
  PRIMARY KEY (`id`)
) ENGINE=InnoDB AUTO_INCREMENT=24 DEFAULT CHARSET=utf8;

-- ----------------------------
-- Records of book_category
-- ----------------------------
INSERT INTO `book_category` VALUES ('4', '文学类', '2018-11-09 20:39:03', '2018-11-08 20:10:57');
INSERT INTO `book_category` VALUES ('15', '小说', '2018-11-11 13:16:47', '2018-11-11 13:15:31');
INSERT INTO `book_category` VALUES ('18', '理工类', '2018-11-11 13:16:55', '2018-11-11 13:15:44');
INSERT INTO `book_category` VALUES ('20', '计算机类', '2018-11-11 13:17:02', '2018-11-11 13:15:51');
INSERT INTO `book_category` VALUES ('21', '数学类', '2018-11-11 13:17:26', '2018-11-11 13:17:26');
INSERT INTO `book_category` VALUES ('22', '外语类', '2018-11-11 21:23:49', '2018-11-11 21:23:49');
INSERT INTO `book_category` VALUES ('23', '散文类', '2018-11-11 21:30:18', '2018-11-11 21:30:18');

-- ----------------------------
-- Table structure for `borrow`
-- ----------------------------
DROP TABLE IF EXISTS `borrow`;
CREATE TABLE `borrow` (
  `id` int(11) NOT NULL AUTO_INCREMENT,
  `user` blob,
  `user_id` int(11) NOT NULL,
  `book_id` int(11) NOT NULL,
  `book` blob,
  `status` int(1) NOT NULL DEFAULT '1',
  `number` int(3) NOT NULL DEFAULT '1',
  `borrow_time` datetime DEFAULT NULL,
  `return_time` datetime DEFAULT NULL,
  `update_time` datetime DEFAULT NULL,
  `create_time` datetime NOT NULL,
  PRIMARY KEY (`id`),
  KEY `user_id` (`user_id`),
  KEY `book_id` (`book_id`),
  CONSTRAINT `borrow_ibfk_2` FOREIGN KEY (`book_id`) REFERENCES `book` (`id`),
  CONSTRAINT `borrow_ibfk_1` FOREIGN KEY (`user_id`) REFERENCES `user` (`id`)
) ENGINE=InnoDB AUTO_INCREMENT=49 DEFAULT CHARSET=utf8;

-- ----------------------------
-- Records of borrow
-- ----------------------------
INSERT INTO `borrow` VALUES ('34', 0xACED000573720025636F6D2E697363686F6F6C6261722E70726F6772616D6D65722E656E746974792E55736572746C485798AC00A1020004490006737461747573490004747970654C000870617373776F72647400124C6A6176612F6C616E672F537472696E673B4C0008757365726E616D6571007E00017872002B636F6D2E697363686F6F6C6261722E70726F6772616D6D65722E656E746974792E42617365456E7469747911AD74BC7547E5DB02000349000269644C000A63726561746554696D657400144C6A6176612F73716C2F54696D657374616D703B4C000A75706461746554696D6571007E0003787000000004737200126A6176612E73716C2E54696D657374616D702618D5C80153BF650200014900056E616E6F737872000E6A6176612E7574696C2E44617465686A81014B5974190300007870770800000166F33B886878000000007371007E0005770800000166F33B88687800000000000000010000000174000561646D696E74000561646D696E, '4', '25', 0xACED000573720025636F6D2E697363686F6F6C6261722E70726F6772616D6D65722E656E746974792E426F6F6B8BDF641D2E4276D602000649000A667265654E756D6265724900066E756D6265724900067374617475734C000C626F6F6B43617465676F727974002F4C636F6D2F697363686F6F6C6261722F70726F6772616D6D65722F656E746974792F426F6F6B43617465676F72793B4C0004696E666F7400124C6A6176612F6C616E672F537472696E673B4C00046E616D6571007E00027872002B636F6D2E697363686F6F6C6261722E70726F6772616D6D65722E656E746974792E42617365456E7469747911AD74BC7547E5DB02000349000269644C000A63726561746554696D657400144C6A6176612F73716C2F54696D657374616D703B4C000A75706461746554696D6571007E0004787000000019737200126A6176612E73716C2E54696D657374616D702618D5C80153BF650200014900056E616E6F737872000E6A6176612E7574696C2E44617465686A81014B597419030000787077080000016702D4683078000000007371007E000677080000016702EA363878000000000000000200000002000000017372002D636F6D2E697363686F6F6C6261722E70726F6772616D6D65722E656E746974792E426F6F6B43617465676F7279FF8FEB770BC86FEA0200014C00046E616D6571007E00027871007E0003000000147371007E00067708000001670132935878000000007371007E00067708000001670133A8B0780000000074000CE8AEA1E7AE97E69CBAE7B1BB740015E8AEA1E7AE97E69CBAE7B1BBE59BBEE4B9A6E38082740015E8AEA1E7AE97E69CBAE7BB84E68890E58E9FE79086, '2', '1', '2018-11-12 20:52:18', '2018-11-13 19:46:14', '2018-11-12 19:54:17', '2018-11-12 19:54:17');
INSERT INTO `borrow` VALUES ('35', 0xACED000573720025636F6D2E697363686F6F6C6261722E70726F6772616D6D65722E656E746974792E55736572746C485798AC00A1020004490006737461747573490004747970654C000870617373776F72647400124C6A6176612F6C616E672F537472696E673B4C0008757365726E616D6571007E00017872002B636F6D2E697363686F6F6C6261722E70726F6772616D6D65722E656E746974792E42617365456E7469747911AD74BC7547E5DB02000349000269644C000A63726561746554696D657400144C6A6176612F73716C2F54696D657374616D703B4C000A75706461746554696D6571007E0003787000000004737200126A6176612E73716C2E54696D657374616D702618D5C80153BF650200014900056E616E6F737872000E6A6176612E7574696C2E44617465686A81014B5974190300007870770800000166F33B886878000000007371007E0005770800000166F33B88687800000000000000010000000174000561646D696E74000561646D696E, '4', '31', 0xACED000573720025636F6D2E697363686F6F6C6261722E70726F6772616D6D65722E656E746974792E426F6F6B8BDF641D2E4276D602000649000A667265654E756D6265724900066E756D6265724900067374617475734C000C626F6F6B43617465676F727974002F4C636F6D2F697363686F6F6C6261722F70726F6772616D6D65722F656E746974792F426F6F6B43617465676F72793B4C0004696E666F7400124C6A6176612F6C616E672F537472696E673B4C00046E616D6571007E00027872002B636F6D2E697363686F6F6C6261722E70726F6772616D6D65722E656E746974792E42617365456E7469747911AD74BC7547E5DB02000349000269644C000A63726561746554696D657400144C6A6176612F73716C2F54696D657374616D703B4C000A75706461746554696D6571007E000478700000001F737200126A6176612E73716C2E54696D657374616D702618D5C80153BF650200014900056E616E6F737872000E6A6176612E7574696C2E44617465686A81014B597419030000787077080000016702F24C8878000000007371007E000677080000016702F24C8878000000000000000200000002000000017372002D636F6D2E697363686F6F6C6261722E70726F6772616D6D65722E656E746974792E426F6F6B43617465676F7279FF8FEB770BC86FEA0200014C00046E616D6571007E00027871007E0003000000047371007E0006770800000166F33B886878000000007371007E0006770800000166F87B9E587800000000740009E69687E5ADA6E7B1BB74001EE89197E5908DE4BD9CE5AEB6E88EABE8A880E79A84E4BD9CE59381E38082740009E7BAA2E9AB98E7B2B1, '2', '1', '2018-11-12 20:52:21', '2018-11-13 19:47:40', '2018-11-12 19:57:18', '2018-11-12 19:57:18');
INSERT INTO `borrow` VALUES ('38', 0xACED000573720025636F6D2E697363686F6F6C6261722E70726F6772616D6D65722E656E746974792E55736572746C485798AC00A1020004490006737461747573490004747970654C000870617373776F72647400124C6A6176612F6C616E672F537472696E673B4C0008757365726E616D6571007E00017872002B636F6D2E697363686F6F6C6261722E70726F6772616D6D65722E656E746974792E42617365456E7469747911AD74BC7547E5DB02000349000269644C000A63726561746554696D657400144C6A6176612F73716C2F54696D657374616D703B4C000A75706461746554696D6571007E0003787000000001737200126A6176612E73716C2E54696D657374616D702618D5C80153BF650200014900056E616E6F737872000E6A6176612E7574696C2E44617465686A81014B5974190300007870770800000166E94AF64078000000007371007E0005770800000166F359AB4078000000000000000100000002740003313233740006E5BCA0E4B889, '1', '25', 0xACED000573720025636F6D2E697363686F6F6C6261722E70726F6772616D6D65722E656E746974792E426F6F6B8BDF641D2E4276D602000649000A667265654E756D6265724900066E756D6265724900067374617475734C000C626F6F6B43617465676F727974002F4C636F6D2F697363686F6F6C6261722F70726F6772616D6D65722F656E746974792F426F6F6B43617465676F72793B4C0004696E666F7400124C6A6176612F6C616E672F537472696E673B4C00046E616D6571007E00027872002B636F6D2E697363686F6F6C6261722E70726F6772616D6D65722E656E746974792E42617365456E7469747911AD74BC7547E5DB02000349000269644C000A63726561746554696D657400144C6A6176612F73716C2F54696D657374616D703B4C000A75706461746554696D6571007E0004787000000019737200126A6176612E73716C2E54696D657374616D702618D5C80153BF650200014900056E616E6F737872000E6A6176612E7574696C2E44617465686A81014B597419030000787077080000016702D4683078000000007371007E000677080000016702EA363878000000000000000100000002000000017372002D636F6D2E697363686F6F6C6261722E70726F6772616D6D65722E656E746974792E426F6F6B43617465676F7279FF8FEB770BC86FEA0200014C00046E616D6571007E00027871007E0003000000147371007E00067708000001670132935878000000007371007E00067708000001670133A8B0780000000074000CE8AEA1E7AE97E69CBAE7B1BB740015E8AEA1E7AE97E69CBAE7B1BBE59BBEE4B9A6E38082740015E8AEA1E7AE97E69CBAE7BB84E68890E58E9FE79086, '1', '1', '2018-11-12 20:52:25', null, '2018-11-12 20:40:52', '2018-11-12 20:40:52');
INSERT INTO `borrow` VALUES ('39', 0xACED000573720025636F6D2E697363686F6F6C6261722E70726F6772616D6D65722E656E746974792E55736572746C485798AC00A1020004490006737461747573490004747970654C000870617373776F72647400124C6A6176612F6C616E672F537472696E673B4C0008757365726E616D6571007E00017872002B636F6D2E697363686F6F6C6261722E70726F6772616D6D65722E656E746974792E42617365456E7469747911AD74BC7547E5DB02000349000269644C000A63726561746554696D657400144C6A6176612F73716C2F54696D657374616D703B4C000A75706461746554696D6571007E0003787000000001737200126A6176612E73716C2E54696D657374616D702618D5C80153BF650200014900056E616E6F737872000E6A6176612E7574696C2E44617465686A81014B5974190300007870770800000166E94AF64078000000007371007E0005770800000166F359AB4078000000000000000100000002740003313233740006E5BCA0E4B889, '1', '26', 0xACED000573720025636F6D2E697363686F6F6C6261722E70726F6772616D6D65722E656E746974792E426F6F6B8BDF641D2E4276D602000649000A667265654E756D6265724900066E756D6265724900067374617475734C000C626F6F6B43617465676F727974002F4C636F6D2F697363686F6F6C6261722F70726F6772616D6D65722F656E746974792F426F6F6B43617465676F72793B4C0004696E666F7400124C6A6176612F6C616E672F537472696E673B4C00046E616D6571007E00027872002B636F6D2E697363686F6F6C6261722E70726F6772616D6D65722E656E746974792E42617365456E7469747911AD74BC7547E5DB02000349000269644C000A63726561746554696D657400144C6A6176612F73716C2F54696D657374616D703B4C000A75706461746554696D6571007E000478700000001A737200126A6176612E73716C2E54696D657374616D702618D5C80153BF650200014900056E616E6F737872000E6A6176612E7574696C2E44617465686A81014B597419030000787077080000016702D48F4078000000007371007E000677080000016702E9D49078000000000000000500000005000000017372002D636F6D2E697363686F6F6C6261722E70726F6772616D6D65722E656E746974792E426F6F6B43617465676F7279FF8FEB770BC86FEA0200014C00046E616D6571007E00027871007E0003000000157371007E00067708000001670134067078000000007371007E0006770800000167013406707800000000740009E695B0E5ADA6E7B1BB74001EE5A4A7E5ADA6E695B0E5ADA6E6A682E78E87E8AEBAE69599E69D90E38082740009E6A682E78E87E8AEBA, '2', '1', '2018-11-12 20:52:27', '2018-11-13 19:54:40', '2018-11-12 20:41:01', '2018-11-12 20:41:01');
INSERT INTO `borrow` VALUES ('40', 0xACED000573720025636F6D2E697363686F6F6C6261722E70726F6772616D6D65722E656E746974792E55736572746C485798AC00A1020004490006737461747573490004747970654C000870617373776F72647400124C6A6176612F6C616E672F537472696E673B4C0008757365726E616D6571007E00017872002B636F6D2E697363686F6F6C6261722E70726F6772616D6D65722E656E746974792E42617365456E7469747911AD74BC7547E5DB02000349000269644C000A63726561746554696D657400144C6A6176612F73716C2F54696D657374616D703B4C000A75706461746554696D6571007E0003787000000001737200126A6176612E73716C2E54696D657374616D702618D5C80153BF650200014900056E616E6F737872000E6A6176612E7574696C2E44617465686A81014B5974190300007870770800000166E94AF64078000000007371007E0005770800000166F359AB4078000000000000000100000002740003313233740006E5BCA0E4B889, '1', '33', 0xACED000573720025636F6D2E697363686F6F6C6261722E70726F6772616D6D65722E656E746974792E426F6F6B8BDF641D2E4276D602000649000A667265654E756D6265724900066E756D6265724900067374617475734C000C626F6F6B43617465676F727974002F4C636F6D2F697363686F6F6C6261722F70726F6772616D6D65722F656E746974792F426F6F6B43617465676F72793B4C0004696E666F7400124C6A6176612F6C616E672F537472696E673B4C00046E616D6571007E00027872002B636F6D2E697363686F6F6C6261722E70726F6772616D6D65722E656E746974792E42617365456E7469747911AD74BC7547E5DB02000349000269644C000A63726561746554696D657400144C6A6176612F73716C2F54696D657374616D703B4C000A75706461746554696D6571007E0004787000000021737200126A6176612E73716C2E54696D657374616D702618D5C80153BF650200014900056E616E6F737872000E6A6176612E7574696C2E44617465686A81014B597419030000787077080000016702F33AD078000000007371007E000677080000016702F33AD078000000000000000500000005000000017372002D636F6D2E697363686F6F6C6261722E70726F6772616D6D65722E656E746974792E426F6F6B43617465676F7279FF8FEB770BC86FEA0200014C00046E616D6571007E00027871007E0003000000127371007E00067708000001670132780078000000007371007E000677080000016701338D587800000000740009E79086E5B7A5E7B1BB740015E5A4A7E5ADA6E789A9E79086E69599E69D90E3808274000CE5A4A7E5ADA6E789A9E79086, '2', '3', '2018-11-13 20:15:10', '2018-11-13 20:17:25', '2018-11-13 20:15:10', '2018-11-13 20:15:10');
INSERT INTO `borrow` VALUES ('41', 0xACED000573720025636F6D2E697363686F6F6C6261722E70726F6772616D6D65722E656E746974792E55736572746C485798AC00A1020004490006737461747573490004747970654C000870617373776F72647400124C6A6176612F6C616E672F537472696E673B4C0008757365726E616D6571007E00017872002B636F6D2E697363686F6F6C6261722E70726F6772616D6D65722E656E746974792E42617365456E7469747911AD74BC7547E5DB02000349000269644C000A63726561746554696D657400144C6A6176612F73716C2F54696D657374616D703B4C000A75706461746554696D6571007E0003787000000001737200126A6176612E73716C2E54696D657374616D702618D5C80153BF650200014900056E616E6F737872000E6A6176612E7574696C2E44617465686A81014B5974190300007870770800000166E94AF64078000000007371007E0005770800000166F359AB4078000000000000000100000002740003313233740006E5BCA0E4B889, '1', '32', 0xACED000573720025636F6D2E697363686F6F6C6261722E70726F6772616D6D65722E656E746974792E426F6F6B8BDF641D2E4276D602000649000A667265654E756D6265724900066E756D6265724900067374617475734C000C626F6F6B43617465676F727974002F4C636F6D2F697363686F6F6C6261722F70726F6772616D6D65722F656E746974792F426F6F6B43617465676F72793B4C0004696E666F7400124C6A6176612F6C616E672F537472696E673B4C00046E616D6571007E00027872002B636F6D2E697363686F6F6C6261722E70726F6772616D6D65722E656E746974792E42617365456E7469747911AD74BC7547E5DB02000349000269644C000A63726561746554696D657400144C6A6176612F73716C2F54696D657374616D703B4C000A75706461746554696D6571007E0004787000000020737200126A6176612E73716C2E54696D657374616D702618D5C80153BF650200014900056E616E6F737872000E6A6176612E7574696C2E44617465686A81014B597419030000787077080000016702F2B9E878000000007371007E00067708000001670303F02878000000000000000500000005000000017372002D636F6D2E697363686F6F6C6261722E70726F6772616D6D65722E656E746974792E426F6F6B43617465676F7279FF8FEB770BC86FEA0200014C00046E616D6571007E00027871007E00030000000F7371007E00067708000001670132453878000000007371007E000677080000016701336E187800000000740006E5B08FE8AFB474002AE89197E5908DE7BD91E7BB9CE4BD9CE5AEB6E58D97E6B4BEE4B889E58F94E79A84E4BD9CE59381E3808274000CE79B97E5A293E7AC94E8AEB0, '1', '1', '2018-11-13 20:15:33', null, '2018-11-13 20:15:33', '2018-11-13 20:15:33');
INSERT INTO `borrow` VALUES ('42', 0xACED000573720025636F6D2E697363686F6F6C6261722E70726F6772616D6D65722E656E746974792E55736572746C485798AC00A1020004490006737461747573490004747970654C000870617373776F72647400124C6A6176612F6C616E672F537472696E673B4C0008757365726E616D6571007E00017872002B636F6D2E697363686F6F6C6261722E70726F6772616D6D65722E656E746974792E42617365456E7469747911AD74BC7547E5DB02000349000269644C000A63726561746554696D657400144C6A6176612F73716C2F54696D657374616D703B4C000A75706461746554696D6571007E0003787000000001737200126A6176612E73716C2E54696D657374616D702618D5C80153BF650200014900056E616E6F737872000E6A6176612E7574696C2E44617465686A81014B5974190300007870770800000166E94AF64078000000007371007E0005770800000166F359AB4078000000000000000100000002740003313233740006E5BCA0E4B889, '1', '30', 0xACED000573720025636F6D2E697363686F6F6C6261722E70726F6772616D6D65722E656E746974792E426F6F6B8BDF641D2E4276D602000649000A667265654E756D6265724900066E756D6265724900067374617475734C000C626F6F6B43617465676F727974002F4C636F6D2F697363686F6F6C6261722F70726F6772616D6D65722F656E746974792F426F6F6B43617465676F72793B4C0004696E666F7400124C6A6176612F6C616E672F537472696E673B4C00046E616D6571007E00027872002B636F6D2E697363686F6F6C6261722E70726F6772616D6D65722E656E746974792E42617365456E7469747911AD74BC7547E5DB02000349000269644C000A63726561746554696D657400144C6A6176612F73716C2F54696D657374616D703B4C000A75706461746554696D6571007E000478700000001E737200126A6176612E73716C2E54696D657374616D702618D5C80153BF650200014900056E616E6F737872000E6A6176612E7574696C2E44617465686A81014B597419030000787077080000016702F1B04878000000007371007E000677080000016702F1B04878000000000000000300000003000000017372002D636F6D2E697363686F6F6C6261722E70726F6772616D6D65722E656E746974792E426F6F6B43617465676F7279FF8FEB770BC86FEA0200014C00046E616D6571007E00027871007E0003000000167371007E000677080000016702F1528878000000007371007E000677080000016702F152887800000000740009E5A496E8AFADE7B1BB740015E5A4A7E5ADA6E88BB1E8AFADE69599E69D90E3808274000CE5A4A7E5ADA6E88BB1E8AFAD, '2', '1', '2018-11-13 20:15:46', '2018-11-13 20:16:06', '2018-11-13 20:15:46', '2018-11-13 20:15:46');
INSERT INTO `borrow` VALUES ('43', 0xACED000573720025636F6D2E697363686F6F6C6261722E70726F6772616D6D65722E656E746974792E55736572746C485798AC00A1020004490006737461747573490004747970654C000870617373776F72647400124C6A6176612F6C616E672F537472696E673B4C0008757365726E616D6571007E00017872002B636F6D2E697363686F6F6C6261722E70726F6772616D6D65722E656E746974792E42617365456E7469747911AD74BC7547E5DB02000349000269644C000A63726561746554696D657400144C6A6176612F73716C2F54696D657374616D703B4C000A75706461746554696D6571007E000378700000000C737200126A6176612E73716C2E54696D657374616D702618D5C80153BF650200014900056E616E6F737872000E6A6176612E7574696C2E44617465686A81014B59741903000078707708000001670D099CA878000000007371007E00057708000001670D099CA878000000000000000100000002740003313233740009E9A9ACE586ACE6A285, '12', '25', 0xACED000573720025636F6D2E697363686F6F6C6261722E70726F6772616D6D65722E656E746974792E426F6F6B8BDF641D2E4276D602000649000A667265654E756D6265724900066E756D6265724900067374617475734C000C626F6F6B43617465676F727974002F4C636F6D2F697363686F6F6C6261722F70726F6772616D6D65722F656E746974792F426F6F6B43617465676F72793B4C0004696E666F7400124C6A6176612F6C616E672F537472696E673B4C00046E616D6571007E00027872002B636F6D2E697363686F6F6C6261722E70726F6772616D6D65722E656E746974792E42617365456E7469747911AD74BC7547E5DB02000349000269644C000A63726561746554696D657400144C6A6176612F73716C2F54696D657374616D703B4C000A75706461746554696D6571007E0004787000000019737200126A6176612E73716C2E54696D657374616D702618D5C80153BF650200014900056E616E6F737872000E6A6176612E7574696C2E44617465686A81014B597419030000787077080000016702D4683078000000007371007E000677080000016702EA363878000000000000000100000002000000017372002D636F6D2E697363686F6F6C6261722E70726F6772616D6D65722E656E746974792E426F6F6B43617465676F7279FF8FEB770BC86FEA0200014C00046E616D6571007E00027871007E0003000000147371007E00067708000001670132935878000000007371007E00067708000001670133A8B0780000000074000CE8AEA1E7AE97E69CBAE7B1BB740015E8AEA1E7AE97E69CBAE7B1BBE59BBEE4B9A6E38082740015E8AEA1E7AE97E69CBAE7BB84E68890E58E9FE79086, '2', '1', '2018-11-13 20:27:05', '2018-11-13 20:27:34', '2018-11-13 20:27:05', '2018-11-13 20:27:05');
INSERT INTO `borrow` VALUES ('44', 0xACED000573720025636F6D2E697363686F6F6C6261722E70726F6772616D6D65722E656E746974792E55736572746C485798AC00A1020004490006737461747573490004747970654C000870617373776F72647400124C6A6176612F6C616E672F537472696E673B4C0008757365726E616D6571007E00017872002B636F6D2E697363686F6F6C6261722E70726F6772616D6D65722E656E746974792E42617365456E7469747911AD74BC7547E5DB02000349000269644C000A63726561746554696D657400144C6A6176612F73716C2F54696D657374616D703B4C000A75706461746554696D6571007E000378700000000C737200126A6176612E73716C2E54696D657374616D702618D5C80153BF650200014900056E616E6F737872000E6A6176612E7574696C2E44617465686A81014B59741903000078707708000001670D099CA878000000007371007E00057708000001670D099CA878000000000000000100000002740003313233740009E9A9ACE586ACE6A285, '12', '32', 0xACED000573720025636F6D2E697363686F6F6C6261722E70726F6772616D6D65722E656E746974792E426F6F6B8BDF641D2E4276D602000649000A667265654E756D6265724900066E756D6265724900067374617475734C000C626F6F6B43617465676F727974002F4C636F6D2F697363686F6F6C6261722F70726F6772616D6D65722F656E746974792F426F6F6B43617465676F72793B4C0004696E666F7400124C6A6176612F6C616E672F537472696E673B4C00046E616D6571007E00027872002B636F6D2E697363686F6F6C6261722E70726F6772616D6D65722E656E746974792E42617365456E7469747911AD74BC7547E5DB02000349000269644C000A63726561746554696D657400144C6A6176612F73716C2F54696D657374616D703B4C000A75706461746554696D6571007E0004787000000020737200126A6176612E73716C2E54696D657374616D702618D5C80153BF650200014900056E616E6F737872000E6A6176612E7574696C2E44617465686A81014B597419030000787077080000016702F2B9E878000000007371007E00067708000001670303F02878000000000000000400000005000000017372002D636F6D2E697363686F6F6C6261722E70726F6772616D6D65722E656E746974792E426F6F6B43617465676F7279FF8FEB770BC86FEA0200014C00046E616D6571007E00027871007E00030000000F7371007E00067708000001670132453878000000007371007E000677080000016701336E187800000000740006E5B08FE8AFB474002AE89197E5908DE7BD91E7BB9CE4BD9CE5AEB6E58D97E6B4BEE4B889E58F94E79A84E4BD9CE59381E3808274000CE79B97E5A293E7AC94E8AEB0, '1', '1', '2018-11-13 20:27:16', null, '2018-11-13 20:27:16', '2018-11-13 20:27:16');
INSERT INTO `borrow` VALUES ('45', 0xACED000573720025636F6D2E697363686F6F6C6261722E70726F6772616D6D65722E656E746974792E55736572746C485798AC00A1020004490006737461747573490004747970654C000870617373776F72647400124C6A6176612F6C616E672F537472696E673B4C0008757365726E616D6571007E00017872002B636F6D2E697363686F6F6C6261722E70726F6772616D6D65722E656E746974792E42617365456E7469747911AD74BC7547E5DB02000349000269644C000A63726561746554696D657400144C6A6176612F73716C2F54696D657374616D703B4C000A75706461746554696D6571007E000378700000000D737200126A6176612E73716C2E54696D657374616D702618D5C80153BF650200014900056E616E6F737872000E6A6176612E7574696C2E44617465686A81014B59741903000078707708000001670D751C3078000000007371007E00057708000001670D751C3078000000000000000100000002740003313233740006E5B08FE6988E, '13', '33', 0xACED000573720025636F6D2E697363686F6F6C6261722E70726F6772616D6D65722E656E746974792E426F6F6B8BDF641D2E4276D602000649000A667265654E756D6265724900066E756D6265724900067374617475734C000C626F6F6B43617465676F727974002F4C636F6D2F697363686F6F6C6261722F70726F6772616D6D65722F656E746974792F426F6F6B43617465676F72793B4C0004696E666F7400124C6A6176612F6C616E672F537472696E673B4C00046E616D6571007E00027872002B636F6D2E697363686F6F6C6261722E70726F6772616D6D65722E656E746974792E42617365456E7469747911AD74BC7547E5DB02000349000269644C000A63726561746554696D657400144C6A6176612F73716C2F54696D657374616D703B4C000A75706461746554696D6571007E0004787000000021737200126A6176612E73716C2E54696D657374616D702618D5C80153BF650200014900056E616E6F737872000E6A6176612E7574696C2E44617465686A81014B597419030000787077080000016702F33AD078000000007371007E000677080000016702F33AD078000000000000000500000005000000017372002D636F6D2E697363686F6F6C6261722E70726F6772616D6D65722E656E746974792E426F6F6B43617465676F7279FF8FEB770BC86FEA0200014C00046E616D6571007E00027871007E0003000000127371007E00067708000001670132780078000000007371007E000677080000016701338D587800000000740009E79086E5B7A5E7B1BB740015E5A4A7E5ADA6E789A9E79086E69599E69D90E3808274000CE5A4A7E5ADA6E789A9E79086, '1', '1', '2018-11-13 22:24:30', null, '2018-11-13 22:24:30', '2018-11-13 22:24:30');
INSERT INTO `borrow` VALUES ('46', 0xACED000573720025636F6D2E697363686F6F6C6261722E70726F6772616D6D65722E656E746974792E55736572746C485798AC00A1020004490006737461747573490004747970654C000870617373776F72647400124C6A6176612F6C616E672F537472696E673B4C0008757365726E616D6571007E00017872002B636F6D2E697363686F6F6C6261722E70726F6772616D6D65722E656E746974792E42617365456E7469747911AD74BC7547E5DB02000349000269644C000A63726561746554696D657400144C6A6176612F73716C2F54696D657374616D703B4C000A75706461746554696D6571007E000378700000000D737200126A6176612E73716C2E54696D657374616D702618D5C80153BF650200014900056E616E6F737872000E6A6176612E7574696C2E44617465686A81014B59741903000078707708000001670D751C3078000000007371007E00057708000001670D751C3078000000000000000100000002740003313233740006E5B08FE6988E, '13', '32', 0xACED000573720025636F6D2E697363686F6F6C6261722E70726F6772616D6D65722E656E746974792E426F6F6B8BDF641D2E4276D602000649000A667265654E756D6265724900066E756D6265724900067374617475734C000C626F6F6B43617465676F727974002F4C636F6D2F697363686F6F6C6261722F70726F6772616D6D65722F656E746974792F426F6F6B43617465676F72793B4C0004696E666F7400124C6A6176612F6C616E672F537472696E673B4C00046E616D6571007E00027872002B636F6D2E697363686F6F6C6261722E70726F6772616D6D65722E656E746974792E42617365456E7469747911AD74BC7547E5DB02000349000269644C000A63726561746554696D657400144C6A6176612F73716C2F54696D657374616D703B4C000A75706461746554696D6571007E0004787000000020737200126A6176612E73716C2E54696D657374616D702618D5C80153BF650200014900056E616E6F737872000E6A6176612E7574696C2E44617465686A81014B597419030000787077080000016702F2B9E878000000007371007E00067708000001670303F02878000000000000000300000005000000017372002D636F6D2E697363686F6F6C6261722E70726F6772616D6D65722E656E746974792E426F6F6B43617465676F7279FF8FEB770BC86FEA0200014C00046E616D6571007E00027871007E00030000000F7371007E00067708000001670132453878000000007371007E000677080000016701336E187800000000740006E5B08FE8AFB474002AE89197E5908DE7BD91E7BB9CE4BD9CE5AEB6E58D97E6B4BEE4B889E58F94E79A84E4BD9CE59381E3808274000CE79B97E5A293E7AC94E8AEB0, '1', '1', '2018-11-13 22:24:35', null, '2018-11-13 22:24:35', '2018-11-13 22:24:35');
INSERT INTO `borrow` VALUES ('47', 0xACED000573720025636F6D2E697363686F6F6C6261722E70726F6772616D6D65722E656E746974792E55736572746C485798AC00A1020004490006737461747573490004747970654C000870617373776F72647400124C6A6176612F6C616E672F537472696E673B4C0008757365726E616D6571007E00017872002B636F6D2E697363686F6F6C6261722E70726F6772616D6D65722E656E746974792E42617365456E7469747911AD74BC7547E5DB02000349000269644C000A63726561746554696D657400144C6A6176612F73716C2F54696D657374616D703B4C000A75706461746554696D6571007E000378700000000D737200126A6176612E73716C2E54696D657374616D702618D5C80153BF650200014900056E616E6F737872000E6A6176612E7574696C2E44617465686A81014B59741903000078707708000001670D751C3078000000007371007E00057708000001670D751C3078000000000000000100000002740003313233740006E5B08FE6988E, '13', '25', 0xACED000573720025636F6D2E697363686F6F6C6261722E70726F6772616D6D65722E656E746974792E426F6F6B8BDF641D2E4276D602000649000A667265654E756D6265724900066E756D6265724900067374617475734C000C626F6F6B43617465676F727974002F4C636F6D2F697363686F6F6C6261722F70726F6772616D6D65722F656E746974792F426F6F6B43617465676F72793B4C0004696E666F7400124C6A6176612F6C616E672F537472696E673B4C00046E616D6571007E00027872002B636F6D2E697363686F6F6C6261722E70726F6772616D6D65722E656E746974792E42617365456E7469747911AD74BC7547E5DB02000349000269644C000A63726561746554696D657400144C6A6176612F73716C2F54696D657374616D703B4C000A75706461746554696D6571007E0004787000000019737200126A6176612E73716C2E54696D657374616D702618D5C80153BF650200014900056E616E6F737872000E6A6176612E7574696C2E44617465686A81014B597419030000787077080000016702D4683078000000007371007E00067708000001670D7389D878000000000000000700000008000000017372002D636F6D2E697363686F6F6C6261722E70726F6772616D6D65722E656E746974792E426F6F6B43617465676F7279FF8FEB770BC86FEA0200014C00046E616D6571007E00027871007E0003000000147371007E00067708000001670132935878000000007371007E00067708000001670133A8B0780000000074000CE8AEA1E7AE97E69CBAE7B1BB740015E8AEA1E7AE97E69CBAE7B1BBE59BBEE4B9A6E38082740015E8AEA1E7AE97E69CBAE7BB84E68890E58E9FE79086, '2', '1', '2018-11-13 22:24:41', '2018-11-13 22:25:04', '2018-11-13 22:24:41', '2018-11-13 22:24:41');
INSERT INTO `borrow` VALUES ('48', 0xACED000573720025636F6D2E697363686F6F6C6261722E70726F6772616D6D65722E656E746974792E55736572746C485798AC00A1020004490006737461747573490004747970654C000870617373776F72647400124C6A6176612F6C616E672F537472696E673B4C0008757365726E616D6571007E00017872002B636F6D2E697363686F6F6C6261722E70726F6772616D6D65722E656E746974792E42617365456E7469747911AD74BC7547E5DB02000349000269644C000A63726561746554696D657400144C6A6176612F73716C2F54696D657374616D703B4C000A75706461746554696D6571007E000378700000000D737200126A6176612E73716C2E54696D657374616D702618D5C80153BF650200014900056E616E6F737872000E6A6176612E7574696C2E44617465686A81014B59741903000078707708000001670D751C3078000000007371007E00057708000001670D751C3078000000000000000100000002740003313233740006E5B08FE6988E, '13', '26', 0xACED000573720025636F6D2E697363686F6F6C6261722E70726F6772616D6D65722E656E746974792E426F6F6B8BDF641D2E4276D602000649000A667265654E756D6265724900066E756D6265724900067374617475734C000C626F6F6B43617465676F727974002F4C636F6D2F697363686F6F6C6261722F70726F6772616D6D65722F656E746974792F426F6F6B43617465676F72793B4C0004696E666F7400124C6A6176612F6C616E672F537472696E673B4C00046E616D6571007E00027872002B636F6D2E697363686F6F6C6261722E70726F6772616D6D65722E656E746974792E42617365456E7469747911AD74BC7547E5DB02000349000269644C000A63726561746554696D657400144C6A6176612F73716C2F54696D657374616D703B4C000A75706461746554696D6571007E000478700000001A737200126A6176612E73716C2E54696D657374616D702618D5C80153BF650200014900056E616E6F737872000E6A6176612E7574696C2E44617465686A81014B597419030000787077080000016702D48F4078000000007371007E000677080000016702E9D49078000000000000000500000005000000017372002D636F6D2E697363686F6F6C6261722E70726F6772616D6D65722E656E746974792E426F6F6B43617465676F7279FF8FEB770BC86FEA0200014C00046E616D6571007E00027871007E0003000000157371007E00067708000001670134067078000000007371007E0006770800000167013406707800000000740009E695B0E5ADA6E7B1BB74001EE5A4A7E5ADA6E695B0E5ADA6E6A682E78E87E8AEBAE69599E69D90E38082740009E6A682E78E87E8AEBA, '1', '1', '2018-11-13 22:24:50', null, '2018-11-13 22:24:50', '2018-11-13 22:24:50');

-- ----------------------------
-- Table structure for `user`
-- ----------------------------
DROP TABLE IF EXISTS `user`;
CREATE TABLE `user` (
  `id` int(11) NOT NULL AUTO_INCREMENT,
  `username` varchar(32) NOT NULL,
  `password` varchar(32) NOT NULL,
  `type` int(1) NOT NULL DEFAULT '2',
  `status` int(1) NOT NULL DEFAULT '1',
  `update_time` datetime DEFAULT NULL,
  `create_time` datetime NOT NULL,
  PRIMARY KEY (`id`)
) ENGINE=InnoDB AUTO_INCREMENT=14 DEFAULT CHARSET=utf8;

-- ----------------------------
-- Records of user
-- ----------------------------
INSERT INTO `user` VALUES ('1', '张三', '123', '2', '1', '2018-11-08 20:43:52', '2018-11-06 21:51:36');
INSERT INTO `user` VALUES ('2', '李四', '123', '2', '1', '2018-11-06 21:53:08', '2018-11-06 21:53:08');
INSERT INTO `user` VALUES ('3', '王麻子', '123', '2', '0', '2018-11-08 20:19:46', '2018-11-07 19:59:41');
INSERT INTO `user` VALUES ('4', 'admin', 'admin', '1', '1', '2018-11-08 20:10:57', '2018-11-08 20:10:57');
INSERT INTO `user` VALUES ('5', '猿来入此', '123456', '1', '1', '2018-11-08 20:20:09', '2018-11-08 20:20:09');
INSERT INTO `user` VALUES ('12', '马冬梅', '123', '2', '1', '2018-11-13 20:26:33', '2018-11-13 20:26:33');
INSERT INTO `user` VALUES ('13', '小明', '123', '2', '1', '2018-11-13 22:23:58', '2018-11-13 22:23:58');
